latitude,longitude,bright_ti4,scan,track,acq_date,acq_time,satellite,instrument,confidence,version,bright_ti5,frp,daynight,type
-35.61904,146.22878,335.99,0.62,0.71,2026-04-09,307,N20,VIIRS,n,2,289.36,5.48,D,0
-35.61574,146.2271,354.12,0.62,0.71,2026-04-09,307,N20,VIIRS,n,2,288.53,12.11,D,0
-35.29732,149.82451,367,0.39,0.59,2026-04-09,307,N20,VIIRS,h,2,293.95,14.92,D,0
-35.29706,149.82895,367,0.39,0.59,2026-04-09,307,N20,VIIRS,h,2,293.13,14.29,D,0
-35.29233,149.81512,325.87,0.39,0.59,2026-04-09,307,N20,VIIRS,n,2,291.83,5.01,D,0
-35.29207,149.81953,342.82,0.39,0.59,2026-04-09,307,N20,VIIRS,n,2,292.71,14.92,D,0
-35.29182,149.82394,352.37,0.39,0.59,2026-04-09,307,N20,VIIRS,n,2,297.29,14.92,D,0
-35.29155,149.82834,352.64,0.39,0.59,2026-04-09,307,N20,VIIRS,n,2,292.15,14.29,D,0
-35.28656,149.819,326.9,0.39,0.59,2026-04-09,307,N20,VIIRS,n,2,292.36,4.48,D,0
-35.24352,149.11652,336.78,0.42,0.61,2026-04-09,307,N20,VIIRS,n,2,292.77,5.65,D,0
-34.92341,147.61375,331.01,0.51,0.66,2026-04-09,307,N20,VIIRS,n,2,289.21,6.04,D,0
-34.8241,145.81094,330.06,0.65,0.73,2026-04-09,307,N20,VIIRS,n,2,288.27,35.96,D,0
-34.82386,145.81818,347.29,0.65,0.73,2026-04-09,307,N20,VIIRS,n,2,293.38,35.96,D,0
-34.82173,145.88303,337.45,0.64,0.72,2026-04-09,307,N20,VIIRS,n,2,278.38,12,D,0
-34.81884,145.8163,351.34,0.65,0.73,2026-04-09,307,N20,VIIRS,n,2,306.22,46.29,D,0
-34.81865,145.82355,340.57,0.65,0.73,2026-04-09,307,N20,VIIRS,n,2,294.7,46.29,D,0
-34.81731,145.81068,340.79,0.65,0.73,2026-04-09,307,N20,VIIRS,n,2,292.78,35.96,D,0
-34.81707,145.81793,367,0.65,0.73,2026-04-09,307,N20,VIIRS,h,2,299.68,35.96,D,0
-34.70987,147.58781,339.35,0.51,0.66,2026-04-09,307,N20,VIIRS,n,2,295.41,5.71,D,0
-34.70744,147.35634,367,0.53,0.67,2026-04-09,307,N20,VIIRS,h,2,293.32,15.3,D,0
-34.70718,147.36243,331.07,0.53,0.67,2026-04-09,307,N20,VIIRS,n,2,290.16,11.32,D,0
-34.67895,148.11768,355.01,0.48,0.65,2026-04-09,307,N20,VIIRS,n,2,297.41,17.25,D,0
-34.67868,148.12325,367,0.48,0.64,2026-04-09,307,N20,VIIRS,h,2,291.88,13.64,D,0
-34.67293,148.11739,356.26,0.48,0.65,2026-04-09,307,N20,VIIRS,l,2,286.81,17.25,D,0
-34.67265,148.12299,347.54,0.48,0.64,2026-04-09,307,N20,VIIRS,n,2,287.79,13.64,D,0
-34.61169,147.45558,331.07,0.52,0.67,2026-04-09,307,N20,VIIRS,n,2,294.47,3.73,D,0
-34.52786,147.41573,335.3,0.52,0.67,2026-04-09,307,N20,VIIRS,n,2,293.05,12.06,D,0
-34.52602,147.40958,343.23,0.52,0.67,2026-04-09,307,N20,VIIRS,n,2,292.82,5.04,D,0
-34.52579,147.41536,338.09,0.52,0.67,2026-04-09,307,N20,VIIRS,n,2,293.41,7.62,D,0
-34.52557,147.42116,354.78,0.52,0.67,2026-04-09,307,N20,VIIRS,n,2,293.79,7.62,D,0
-34.52534,147.4269,348.15,0.52,0.67,2026-04-09,307,N20,VIIRS,n,2,292.57,6.64,D,0
-34.52187,147.40973,367,0.52,0.67,2026-04-09,307,N20,VIIRS,h,2,293.95,12.06,D,0
-34.52135,147.42133,367,0.52,0.67,2026-04-09,307,N20,VIIRS,h,2,296.31,21.85,D,0
-34.52109,147.42702,367,0.52,0.67,2026-04-09,307,N20,VIIRS,h,2,296.46,21.85,D,0
-34.52084,147.43265,367,0.52,0.67,2026-04-09,307,N20,VIIRS,h,2,294.44,21.39,D,0
-34.50721,147.31465,343.13,0.53,0.67,2026-04-09,307,N20,VIIRS,n,2,293.65,7.54,D,0
-34.50376,148.49802,351.21,0.45,0.63,2026-04-09,307,N20,VIIRS,n,2,296.18,17.55,D,0
-34.50348,148.50313,367,0.45,0.63,2026-04-09,307,N20,VIIRS,h,2,294.34,20.42,D,0
-34.5021,148.49881,353.31,0.45,0.63,2026-04-09,307,N20,VIIRS,n,2,298.57,14.99,D,0
-34.50184,148.50391,367,0.45,0.63,2026-04-09,307,N20,VIIRS,h,2,294.06,14.99,D,0
-34.49786,148.49777,367,0.45,0.63,2026-04-09,307,N20,VIIRS,h,2,292.12,5.9,D,0
-34.4962,148.49857,341.65,0.45,0.63,2026-04-09,307,N20,VIIRS,n,2,289.94,3.35,D,0
-34.46078,150.88313,342.24,0.33,0.55,2026-04-09,307,N20,VIIRS,n,2,301.44,3.83,D,2
-34.46053,150.88675,342.11,0.33,0.55,2026-04-09,307,N20,VIIRS,n,2,299.25,3.83,D,2
-34.45912,150.88301,345.46,0.33,0.55,2026-04-09,307,N20,VIIRS,n,2,300.25,3.25,D,2
-34.45885,150.88664,327.82,0.33,0.55,2026-04-09,307,N20,VIIRS,n,2,296.28,3.25,D,2
-34.28986,147.6508,331.9,0.5,0.66,2026-04-09,307,N20,VIIRS,n,2,296.51,6.04,D,0
-34.28135,145.95212,344.21,0.63,0.72,2026-04-09,307,N20,VIIRS,n,2,293.28,5.38,D,0
-34.27723,145.9449,342.92,0.63,0.72,2026-04-09,307,N20,VIIRS,n,2,297.19,31.06,D,0
-34.27702,145.95192,367,0.63,0.72,2026-04-09,307,N20,VIIRS,h,2,299.18,31.06,D,0
-34.27486,145.94481,350.91,0.63,0.72,2026-04-09,307,N20,VIIRS,n,2,297.72,32.7,D,0
-34.27462,145.95181,367,0.63,0.72,2026-04-09,307,N20,VIIRS,h,2,297.06,42.84,D,0
-34.252,147.80333,367,0.49,0.65,2026-04-09,307,N20,VIIRS,h,2,297.27,11.75,D,0
-34.23497,146.84373,338.94,0.56,0.69,2026-04-09,307,N20,VIIRS,n,2,297.7,6.66,D,0
-34.23475,146.85014,334.2,0.56,0.69,2026-04-09,307,N20,VIIRS,n,2,298.48,6.66,D,0
-34.23451,146.85666,356.33,0.56,0.69,2026-04-09,307,N20,VIIRS,n,2,298.72,10.99,D,0
-34.23419,146.84291,341.57,0.56,0.69,2026-04-09,307,N20,VIIRS,n,2,298.22,8.26,D,0
-34.23392,146.84927,334.95,0.56,0.69,2026-04-09,307,N20,VIIRS,n,2,298.25,8.67,D,0
-34.23366,146.85576,367,0.56,0.69,2026-04-09,307,N20,VIIRS,h,2,298.94,8.67,D,0
-34.22831,148.04736,367,0.48,0.65,2026-04-09,307,N20,VIIRS,h,2,294.71,11.95,D,0
-34.22724,146.85542,367,0.56,0.69,2026-04-09,307,N20,VIIRS,h,2,298.22,13.61,D,0
-34.22229,148.04689,367,0.48,0.65,2026-04-09,307,N20,VIIRS,h,2,294.78,11.95,D,0
-34.21087,145.83589,367,0.64,0.72,2026-04-09,307,N20,VIIRS,h,2,296.73,8.58,D,0
-34.2088,145.83047,367,0.64,0.72,2026-04-09,307,N20,VIIRS,h,2,299.03,11.36,D,0
-34.20854,145.83759,342.54,0.64,0.72,2026-04-09,307,N20,VIIRS,n,2,295.16,11.36,D,0
-34.20849,147.95332,337.19,0.48,0.65,2026-04-09,307,N20,VIIRS,n,2,296.07,6.83,D,0
-34.20755,147.95154,336.8,0.48,0.65,2026-04-09,307,N20,VIIRS,n,2,295.89,3.65,D,0
-34.2041,145.83557,337.14,0.64,0.72,2026-04-09,307,N20,VIIRS,n,2,295.66,8.58,D,0
-34.20244,147.9529,367,0.48,0.65,2026-04-09,307,N20,VIIRS,h,2,296.66,6.83,D,0
-34.2015,147.95111,348.97,0.48,0.65,2026-04-09,307,N20,VIIRS,n,2,295.95,8.5,D,0
-34.20123,147.95633,331.9,0.48,0.65,2026-04-09,307,N20,VIIRS,n,2,295.74,7.55,D,0
-34.15483,147.22169,352.49,0.53,0.67,2026-04-09,307,N20,VIIRS,n,2,294.2,7.54,D,0
-34.15137,147.22176,350.78,0.53,0.67,2026-04-09,307,N20,VIIRS,n,2,293.33,8.32,D,0
-34.14977,147.76173,367,0.5,0.65,2026-04-09,307,N20,VIIRS,h,2,298.71,11.96,D,0
-34.08922,148.26996,352.06,0.46,0.64,2026-04-09,307,N20,VIIRS,n,2,298.38,8.7,D,0
-34.08591,148.26906,352.14,0.46,0.64,2026-04-09,307,N20,VIIRS,n,2,297.85,6.03,D,0
-34.03841,147.77605,345.13,0.49,0.65,2026-04-09,307,N20,VIIRS,n,2,298.16,5.26,D,0
-34.03815,147.78151,331.65,0.49,0.65,2026-04-09,307,N20,VIIRS,n,2,296.03,5.26,D,0
-33.99116,147.73813,346.5,0.5,0.65,2026-04-09,307,N20,VIIRS,n,2,299.25,11.23,D,0
-33.99104,147.73975,367,0.5,0.66,2026-04-09,307,N20,VIIRS,h,2,299.86,10.13,D,0
-33.99088,147.74361,367,0.5,0.65,2026-04-09,307,N20,VIIRS,h,2,299.24,14.75,D,0
-33.99081,147.74524,367,0.5,0.65,2026-04-09,307,N20,VIIRS,h,2,298.26,10.13,D,0
-33.97536,148.16063,351.88,0.47,0.64,2026-04-09,307,N20,VIIRS,n,2,298.02,10.49,D,0
-33.97509,148.16577,367,0.47,0.64,2026-04-09,307,N20,VIIRS,h,2,299.09,10.49,D,0
-33.97482,148.17088,351.51,0.47,0.64,2026-04-09,307,N20,VIIRS,n,2,294.83,9.92,D,0
-33.97175,148.16251,367,0.47,0.64,2026-04-09,307,N20,VIIRS,h,2,297.73,13.72,D,0
-33.97151,148.16762,367,0.47,0.64,2026-04-09,307,N20,VIIRS,h,2,298.69,19.08,D,0
-33.92954,147.74484,339.25,0.5,0.65,2026-04-09,307,N20,VIIRS,n,2,297.5,6.07,D,0
-33.9198,146.58034,330.86,0.58,0.7,2026-04-09,307,N20,VIIRS,n,2,299.29,4.88,D,0
-33.88867,148.0484,335.55,0.48,0.64,2026-04-09,307,N20,VIIRS,n,2,295.44,22.42,D,0
-33.88838,148.05365,349.79,0.47,0.64,2026-04-09,307,N20,VIIRS,n,2,303.09,26.89,D,0
-33.8881,148.05888,347.53,0.47,0.64,2026-04-09,307,N20,VIIRS,n,2,295.3,26.89,D,0
-33.88485,148.04887,345.04,0.48,0.64,2026-04-09,307,N20,VIIRS,n,2,296.66,30.82,D,0
-33.88459,148.05412,350.55,0.48,0.64,2026-04-09,307,N20,VIIRS,n,2,302.33,30.82,D,0
-33.88435,148.05934,351.75,0.47,0.64,2026-04-09,307,N20,VIIRS,n,2,293.67,26.55,D,0
-33.88239,148.05312,331.74,0.47,0.64,2026-04-09,307,N20,VIIRS,n,2,295.39,3.46,D,0
-33.88211,148.05832,336.81,0.47,0.64,2026-04-09,307,N20,VIIRS,n,2,294.67,3.46,D,0
-33.85013,150.48424,331.18,0.34,0.56,2026-04-09,307,N20,VIIRS,n,2,292.92,4.92,D,0
-33.85006,150.48398,331.23,0.34,0.56,2026-04-09,307,N20,VIIRS,n,2,292.56,4.49,D,0
-33.76424,150.02351,347.4,0.36,0.58,2026-04-09,307,N20,VIIRS,n,2,294.02,4.34,D,0
-33.764,150.02742,335.56,0.36,0.58,2026-04-09,307,N20,VIIRS,n,2,291.11,4.34,D,0
-33.76161,150.02101,353.83,0.36,0.58,2026-04-09,307,N20,VIIRS,n,2,295.53,11.52,D,0
-33.76133,150.02502,351.75,0.36,0.58,2026-04-09,307,N20,VIIRS,n,2,293.04,8.45,D,0
-33.73423,147.45409,355.24,0.51,0.66,2026-04-09,307,N20,VIIRS,n,2,299.5,8.66,D,0
-33.72916,147.45349,367,0.51,0.66,2026-04-09,307,N20,VIIRS,h,2,301.55,21.58,D,0
-33.72887,147.45911,367,0.51,0.66,2026-04-09,307,N20,VIIRS,h,2,300.38,15.9,D,0
-33.72803,147.45367,367,0.51,0.66,2026-04-09,307,N20,VIIRS,h,2,299.42,8.66,D,0
-33.72778,147.4593,367,0.51,0.66,2026-04-09,307,N20,VIIRS,h,2,300.47,8.66,D,0
-33.72021,147.20076,334.16,0.53,0.67,2026-04-09,307,N20,VIIRS,n,2,297.5,9.68,D,0
-33.71714,148.71858,354.96,0.43,0.62,2026-04-09,307,N20,VIIRS,n,2,302.22,16.13,D,0
-33.71686,148.72343,340.94,0.43,0.62,2026-04-09,307,N20,VIIRS,n,2,295.48,11.97,D,0
-33.71656,147.20055,351.19,0.53,0.67,2026-04-09,307,N20,VIIRS,n,2,293.68,9.56,D,0
-33.71321,149.85233,367,0.37,0.58,2026-04-09,307,N20,VIIRS,h,2,295.18,11.19,D,0
-33.71294,149.85638,335.86,0.37,0.58,2026-04-09,307,N20,VIIRS,n,2,291.62,8.12,D,0
-33.6739,148.08977,346.31,0.47,0.64,2026-04-09,307,N20,VIIRS,n,2,296.96,3.25,D,0
-33.67129,148.08875,338.25,0.47,0.64,2026-04-09,307,N20,VIIRS,n,2,298.52,3.62,D,0
-33.63305,146.60521,330.72,0.57,0.69,2026-04-09,307,N20,VIIRS,n,2,297.44,7.52,D,0
-33.63299,146.60591,330.75,0.57,0.69,2026-04-09,307,N20,VIIRS,n,2,297.36,5.12,D,0
-33.63278,146.61154,332.89,0.57,0.69,2026-04-09,307,N20,VIIRS,n,2,295.97,10.23,D,0
-33.63275,146.61224,332.31,0.57,0.69,2026-04-09,307,N20,VIIRS,n,2,295.72,5.12,D,0
-33.63252,146.61859,331.19,0.57,0.69,2026-04-09,307,N20,VIIRS,n,2,295.06,6.51,D,0
-33.62631,146.61116,339.16,0.57,0.69,2026-04-09,307,N20,VIIRS,n,2,296.39,6.65,D,0
-33.62628,146.61186,339,0.57,0.69,2026-04-09,307,N20,VIIRS,n,2,295.85,7.88,D,0
-33.59497,146.24699,338.55,0.6,0.71,2026-04-09,307,N20,VIIRS,n,2,299.53,7.11,D,0
-33.17255,148.46381,332.49,0.44,0.63,2026-04-09,308,N20,VIIRS,n,2,297.62,9.47,D,0
-33.17228,148.4688,367,0.44,0.63,2026-04-09,308,N20,VIIRS,h,2,294.84,9.47,D,0
-32.98946,146.45737,340.32,0.58,0.7,2026-04-09,308,N20,VIIRS,n,2,300.44,8.17,D,0
-32.94391,148.59494,332.22,0.43,0.62,2026-04-09,308,N20,VIIRS,l,2,302.99,2.66,D,0
-32.92735,146.02454,354.2,0.61,0.71,2026-04-09,308,N20,VIIRS,n,2,297.84,21.39,D,0
-32.92312,146.02559,356.04,0.61,0.71,2026-04-09,308,N20,VIIRS,n,2,299.01,28.56,D,0
-32.92071,146.0242,351.33,0.61,0.71,2026-04-09,308,N20,VIIRS,n,2,297.29,17.56,D,0
-32.76658,146.34764,335.03,0.58,0.7,2026-04-09,308,N20,VIIRS,n,2,298.13,19.01,D,0
-32.76058,146.33478,332.89,0.59,0.7,2026-04-09,308,N20,VIIRS,n,2,301.87,11.96,D,0
-32.76032,146.34105,352.55,0.59,0.7,2026-04-09,308,N20,VIIRS,n,2,305.58,19.01,D,0
-32.76006,146.34732,367,0.58,0.7,2026-04-09,308,N20,VIIRS,h,2,299.85,19.01,D,0
-32.7598,146.35362,336.48,0.58,0.7,2026-04-09,308,N20,VIIRS,n,2,298.48,14.34,D,0
-32.63448,148.40797,330.89,0.44,0.63,2026-04-09,308,N20,VIIRS,n,2,299.2,4.02,D,0
-32.56532,147.86412,355.85,0.48,0.64,2026-04-09,308,N20,VIIRS,n,2,306.44,18.86,D,0
-32.56506,147.86914,355.76,0.47,0.64,2026-04-09,308,N20,VIIRS,n,2,308.36,26.05,D,0
-32.55932,147.86368,340.21,0.48,0.64,2026-04-09,308,N20,VIIRS,n,2,302.12,18.86,D,0
-32.55906,147.8687,346.79,0.47,0.64,2026-04-09,308,N20,VIIRS,n,2,302.86,26.05,D,0
-32.55711,147.86655,336.46,0.47,0.64,2026-04-09,308,N20,VIIRS,n,2,302.35,3.12,D,0
-32.46513,148.41913,332.37,0.44,0.62,2026-04-09,308,N20,VIIRS,n,2,299.24,3.43,D,0
-32.30666,145.59367,340.35,0.64,0.72,2026-04-09,308,N20,VIIRS,n,2,299.5,8.56,D,0
-32.30462,145.58833,338.55,0.64,0.72,2026-04-09,308,N20,VIIRS,n,2,300.09,6.7,D,0
-32.30434,145.59535,345.86,0.64,0.72,2026-04-09,308,N20,VIIRS,n,2,300.28,6.7,D,0
-32.24892,148.12968,339.05,0.46,0.63,2026-04-09,308,N20,VIIRS,n,2,300.94,3.29,D,0
-32.24302,148.12921,331.58,0.46,0.63,2026-04-09,308,N20,VIIRS,n,2,301.44,3.29,D,0
-32.24115,152.41954,329.73,0.51,0.49,2026-04-09,308,N20,VIIRS,n,2,294.36,7.25,D,0
-32.2403,148.47702,341.59,0.43,0.62,2026-04-09,308,N20,VIIRS,n,2,300.95,6.2,D,0
-32.23656,152.4189,339.27,0.51,0.49,2026-04-09,308,N20,VIIRS,n,2,295.41,7.25,D,0
-32.23608,152.42427,345.13,0.51,0.49,2026-04-09,308,N20,VIIRS,n,2,295.62,9.86,D,0
-32.23487,146.74498,331.44,0.55,0.68,2026-04-09,308,N20,VIIRS,l,2,301.67,2.4,D,0
-32.21018,145.57693,332.07,0.64,0.72,2026-04-09,308,N20,VIIRS,n,2,299.2,7.93,D,0
-32.20833,145.57683,334.43,0.64,0.72,2026-04-09,308,N20,VIIRS,n,2,299.09,4.22,D,0
-32.20498,152.21265,355.31,0.52,0.5,2026-04-09,308,N20,VIIRS,n,2,301.04,26.53,D,0
-32.20157,145.57643,332.51,0.64,0.72,2026-04-09,308,N20,VIIRS,n,2,298.54,6.62,D,0
-32.19481,145.57614,341.22,0.64,0.72,2026-04-09,308,N20,VIIRS,n,2,299.85,6.62,D,0
-32.19453,145.58319,337.72,0.64,0.72,2026-04-09,308,N20,VIIRS,n,2,298.84,6.62,D,0
-32.19426,145.59018,334.06,0.64,0.72,2026-04-09,308,N20,VIIRS,n,2,299,8.88,D,0
-32.12538,146.98653,338.55,0.53,0.67,2026-04-09,308,N20,VIIRS,n,2,301.22,4.71,D,0
-32.11883,146.99184,344.32,0.53,0.67,2026-04-09,308,N20,VIIRS,n,2,302.11,4.71,D,0
-32.07172,146.97711,367,0.53,0.67,2026-04-09,308,N20,VIIRS,h,2,303.74,7.86,D,0
-32.0692,146.9771,353.6,0.53,0.67,2026-04-09,308,N20,VIIRS,n,2,302.77,7.49,D,0
-32.02699,152.19293,350.75,0.52,0.5,2026-04-09,308,N20,VIIRS,n,2,302.39,15.16,D,0
-32.02649,152.19836,340.75,0.52,0.5,2026-04-09,308,N20,VIIRS,n,2,299.56,10.95,D,0
-32.02554,152.19043,349.84,0.52,0.5,2026-04-09,308,N20,VIIRS,n,2,303.56,17.24,D,0
-32.02508,152.19583,353.98,0.52,0.5,2026-04-09,308,N20,VIIRS,n,2,301.1,21.67,D,0
-32.02235,152.19249,341.9,0.52,0.5,2026-04-09,308,N20,VIIRS,n,2,299.15,15.16,D,0
-31.79023,148.86761,335.29,0.41,0.6,2026-04-09,308,N20,VIIRS,n,2,292.07,4.1,D,0
-31.79002,145.65712,345.56,0.63,0.72,2026-04-09,308,N20,VIIRS,n,2,298.76,10.11,D,0
-31.78592,145.65685,341.87,0.63,0.72,2026-04-09,308,N20,VIIRS,n,2,298.1,8.19,D,0
-31.78517,148.8582,331.7,0.41,0.61,2026-04-09,308,N20,VIIRS,n,2,297.7,13.34,D,0
-31.78488,148.86272,351.92,0.41,0.6,2026-04-09,308,N20,VIIRS,n,2,300.29,39.75,D,0
-31.7846,148.86716,294.23,0.41,0.6,2026-04-09,308,N20,VIIRS,l,2,317.19,39.75,D,0
-31.78431,148.8716,284.28,0.41,0.6,2026-04-09,308,N20,VIIRS,l,2,310.57,129.99,D,0
-31.78403,148.87599,367,0.41,0.6,2026-04-09,308,N20,VIIRS,h,2,302.05,129.99,D,0
-31.78374,148.8804,331.56,0.41,0.6,2026-04-09,308,N20,VIIRS,n,2,290.92,50.55,D,0
-31.78346,148.88486,330.69,0.41,0.6,2026-04-09,308,N20,VIIRS,n,2,294.89,50.55,D,0
-31.77926,148.862,334.33,0.41,0.6,2026-04-09,308,N20,VIIRS,n,2,295.47,39.75,D,0
-31.77897,148.86653,330.95,0.41,0.6,2026-04-09,308,N20,VIIRS,n,2,288.66,39.75,D,0
-31.77811,148.87999,350.66,0.41,0.6,2026-04-09,308,N20,VIIRS,n,2,300.38,50.55,D,0
-31.77754,148.88892,367,0.41,0.6,2026-04-09,308,N20,VIIRS,h,2,298.09,62.61,D,0
-31.58379,148.63196,338.39,0.42,0.61,2026-04-09,308,N20,VIIRS,n,2,304.89,5.02,D,0
-31.5781,148.63144,340.1,0.42,0.61,2026-04-09,308,N20,VIIRS,n,2,303.77,2.79,D,0
-31.55399,152.04854,339.26,0.53,0.5,2026-04-09,308,N20,VIIRS,n,2,298.08,3.52,D,0
-31.53462,152.05473,335.97,0.52,0.5,2026-04-09,308,N20,VIIRS,n,2,301.28,5.32,D,0
-31.49001,148.72119,331.39,0.41,0.61,2026-04-09,308,N20,VIIRS,l,2,304.14,4.98,D,0
-31.3851,147.74632,339.31,0.47,0.64,2026-04-09,308,N20,VIIRS,n,2,298.57,2.73,D,0
-31.38242,147.74532,334.88,0.47,0.64,2026-04-09,308,N20,VIIRS,n,2,299.27,4.85,D,0
-30.77806,152.28706,336.99,0.5,0.49,2026-04-09,308,N20,VIIRS,n,2,300.18,3.8,D,0
-30.74306,148.27882,330.18,0.43,0.62,2026-04-09,308,N20,VIIRS,l,2,303.64,1.28,D,0
-30.74224,148.2795,330.83,0.43,0.62,2026-04-09,308,N20,VIIRS,l,2,304.23,2.15,D,0
-30.70563,147.7516,339,0.46,0.64,2026-04-09,308,N20,VIIRS,n,2,305.84,10.14,D,0
-30.70533,147.75655,367,0.46,0.64,2026-04-09,308,N20,VIIRS,h,2,305.84,11.68,D,0
-30.70503,147.76146,367,0.46,0.64,2026-04-09,308,N20,VIIRS,h,2,305.8,11.68,D,0
-30.70473,147.76639,349.18,0.46,0.64,2026-04-09,308,N20,VIIRS,n,2,304.49,8.86,D,0
-30.69909,147.761,355.76,0.46,0.64,2026-04-09,308,N20,VIIRS,n,2,305.64,12.17,D,0
-30.6988,147.76591,367,0.46,0.64,2026-04-09,308,N20,VIIRS,h,2,305.48,10.99,D,0
-30.13438,152.38475,343.79,0.48,0.48,2026-04-09,308,N20,VIIRS,n,2,295.38,5.35,D,0
-30.12992,152.38406,340.45,0.48,0.48,2026-04-09,308,N20,VIIRS,n,2,296.04,5.35,D,0
-30.06045,148.00713,350.78,0.44,0.63,2026-04-09,308,N20,VIIRS,n,2,308.59,20.8,D,0
-30.06015,148.01178,367,0.44,0.63,2026-04-09,308,N20,VIIRS,h,2,307.68,20.8,D,0
-30.0429,153.16811,331.36,0.43,0.46,2026-04-09,308,N20,VIIRS,n,2,296.34,5.27,D,0
-30.04245,153.17256,351.56,0.43,0.46,2026-04-09,308,N20,VIIRS,n,2,296.55,5.27,D,0
-30.01217,149.17805,339.58,0.38,0.58,2026-04-09,308,N20,VIIRS,n,2,305.88,2.89,D,0
-30.01187,149.18199,336.98,0.38,0.58,2026-04-09,308,N20,VIIRS,n,2,304.5,2.02,D,0
-29.92004,151.91939,351,0.51,0.5,2026-04-09,308,N20,VIIRS,n,2,304.07,11.1,D,0
-29.91972,151.91733,338.73,0.51,0.5,2026-04-09,308,N20,VIIRS,n,2,303.64,6.57,D,0
-29.91923,151.92258,340.07,0.51,0.5,2026-04-09,308,N20,VIIRS,n,2,300.84,6.82,D,0
-29.85596,153.07764,340.23,0.44,0.46,2026-04-09,308,N20,VIIRS,n,2,299.85,3.33,D,0
-29.84844,149.15486,332.27,0.38,0.58,2026-04-09,308,N20,VIIRS,l,2,306.25,4.26,D,0
-29.84815,149.1588,346.24,0.38,0.58,2026-04-09,308,N20,VIIRS,n,2,304.88,3.59,D,0
-29.84272,149.15826,342.35,0.38,0.58,2026-04-09,308,N20,VIIRS,n,2,306.65,3.59,D,0
-29.6073,152.72459,330.57,0.46,0.47,2026-04-09,308,N20,VIIRS,n,2,300.42,2.08,D,0
-29.72213,148.35675,339.19,0.42,0.61,2026-04-09,309,N20,VIIRS,n,2,307.17,2.15,D,0
-29.56598,151.98701,340.06,0.5,0.49,2026-04-09,309,N20,VIIRS,n,2,301.46,6.47,D,0
-29.56546,151.99232,333.14,0.5,0.49,2026-04-09,309,N20,VIIRS,n,2,301.76,6.47,D,0
-29.40001,148.44968,341.2,0.41,0.61,2026-04-09,309,N20,VIIRS,n,2,306.43,9.38,D,0
-29.3997,148.45396,367,0.41,0.61,2026-04-09,309,N20,VIIRS,h,2,309.35,27.31,D,0
-29.3994,148.45824,353.59,0.41,0.61,2026-04-09,309,N20,VIIRS,n,2,310.33,27.31,D,0
-29.3991,148.46251,367,0.41,0.61,2026-04-09,309,N20,VIIRS,h,2,308.26,19.26,D,0
-29.3988,148.46677,332.16,0.41,0.61,2026-04-09,309,N20,VIIRS,n,2,302.53,19.26,D,0
-29.39377,148.45772,352.44,0.41,0.61,2026-04-09,309,N20,VIIRS,n,2,308.62,38.25,D,0
-29.39347,148.46201,339.75,0.41,0.61,2026-04-09,309,N20,VIIRS,n,2,314.27,33.81,D,0
-29.39317,148.46625,354.07,0.41,0.61,2026-04-09,309,N20,VIIRS,n,2,312.31,33.81,D,0
-29.39287,148.47052,338.46,0.41,0.61,2026-04-09,309,N20,VIIRS,n,2,303.96,14.1,D,0
-29.38784,148.46147,345.14,0.41,0.61,2026-04-09,309,N20,VIIRS,n,2,305.93,33.81,D,0
-29.38754,148.46573,367,0.41,0.61,2026-04-09,309,N20,VIIRS,h,2,308.97,33.81,D,0
-29.38724,148.47,352.14,0.41,0.61,2026-04-09,309,N20,VIIRS,n,2,304.89,14.1,D,0
-29.38664,148.47861,332.81,0.41,0.6,2026-04-09,309,N20,VIIRS,l,2,304.66,3.33,D,0
-29.38634,148.48289,355.25,0.41,0.6,2026-04-09,309,N20,VIIRS,n,2,306.07,3.33,D,0
-29.2765,152.61127,335.56,0.46,0.47,2026-04-09,309,N20,VIIRS,n,2,299.33,3.61,D,0
-29.16838,150.21196,335.36,0.32,0.54,2026-04-09,309,N20,VIIRS,l,2,309.88,2.91,D,0
-29.16809,150.2153,339.23,0.32,0.54,2026-04-09,309,N20,VIIRS,n,2,310.56,18.45,D,0
-29.16781,150.21863,353.92,0.32,0.54,2026-04-09,309,N20,VIIRS,n,2,314.61,18.45,D,0
-29.16738,150.22363,345.6,0.64,0.54,2026-04-09,309,N20,VIIRS,n,2,311.61,18.65,D,0
-29.11063,148.70291,367,0.39,0.6,2026-04-09,309,N20,VIIRS,h,2,308.19,6.72,D,0
-28.89774,148.65703,333.65,0.39,0.6,2026-04-09,309,N20,VIIRS,l,2,306.43,1.58,D,0
-28.89743,148.6611,333.47,0.39,0.6,2026-04-09,309,N20,VIIRS,l,2,304.53,1.58,D,0
-28.88236,148.63911,348.84,0.39,0.6,2026-04-09,309,N20,VIIRS,n,2,307.61,4.1,D,0
-28.88205,148.64317,335.19,0.39,0.6,2026-04-09,309,N20,VIIRS,l,2,307.12,4.1,D,0
-28.81217,152.58838,340.21,0.45,0.47,2026-04-09,309,N20,VIIRS,n,2,299.1,4.88,D,0
-28.78701,148.50348,341.34,0.4,0.6,2026-04-09,309,N20,VIIRS,n,2,307.26,11.13,D,0
-28.7867,148.50763,367,0.4,0.6,2026-04-09,309,N20,VIIRS,h,2,307.1,16.68,D,0
-28.69121,153.33008,349.91,0.41,0.45,2026-04-09,309,N20,VIIRS,n,2,300.93,18.78,D,0
-28.69075,153.33424,335.72,0.41,0.45,2026-04-09,309,N20,VIIRS,n,2,295.64,18.78,D,0
-28.43233,150.48325,342.76,0.6,0.53,2026-04-09,309,N20,VIIRS,n,2,308.94,6.6,D,0
-28.2693,148.60358,338.69,0.39,0.59,2026-04-09,309,N20,VIIRS,n,2,307.86,3.78,D,0
-28.26441,148.595,335.21,0.39,0.59,2026-04-09,309,N20,VIIRS,l,2,307.49,5.17,D,0
-36.09539,147.65103,351.01,0.36,0.57,2026-04-09,447,N20,VIIRS,n,2,283.89,16.58,D,0
-36.09446,147.65457,353.74,0.36,0.57,2026-04-09,447,N20,VIIRS,n,2,288.67,14.91,D,0
-36.09357,147.65799,326.47,0.36,0.57,2026-04-09,447,N20,VIIRS,n,2,281.12,14.91,D,0
-36.09171,147.65045,332.94,0.36,0.57,2026-04-09,447,N20,VIIRS,n,2,278.58,9.37,D,0
-36.09079,147.65404,356.25,0.36,0.57,2026-04-09,447,N20,VIIRS,l,2,279.14,11.19,D,0
-35.29395,149.82133,336.88,0.49,0.65,2026-04-09,447,N20,VIIRS,n,2,280.88,11.91,D,0
-35.29248,149.82651,334.01,0.49,0.65,2026-04-09,447,N20,VIIRS,n,2,281.58,11.85,D,0
-35.28955,149.8139,334.59,0.49,0.65,2026-04-09,447,N20,VIIRS,n,2,280.91,11.43,D,0
-35.28811,149.819,356.5,0.49,0.65,2026-04-09,447,N20,VIIRS,l,2,284.41,11.43,D,0
-35.28662,149.82425,356.54,0.49,0.65,2026-04-09,447,N20,VIIRS,l,2,285.43,14.09,D,0
-35.28512,149.82953,328.58,0.49,0.65,2026-04-09,447,N20,VIIRS,n,2,278.73,14.09,D,0
-35.26054,148.73299,336.38,0.43,0.62,2026-04-09,447,N20,VIIRS,n,2,289.34,3.98,D,0
-35.24311,149.11684,345.12,0.45,0.63,2026-04-09,447,N20,VIIRS,n,2,289.87,6.51,D,0
-35.24294,149.11378,338.23,0.45,0.63,2026-04-09,447,N20,VIIRS,n,2,291.84,5.83,D,0
-34.99815,147.14015,336.33,0.36,0.57,2026-04-09,448,N20,VIIRS,n,2,297.62,25.04,D,0
-34.99717,147.14403,367,0.36,0.57,2026-04-09,448,N20,VIIRS,h,2,299.95,25.04,D,0
-34.99611,147.1402,344.3,0.36,0.57,2026-04-09,448,N20,VIIRS,n,2,303.19,49.01,D,0
-34.99512,147.14404,353.51,0.36,0.57,2026-04-09,448,N20,VIIRS,n,2,312.84,49.01,D,0
-34.99412,147.14789,333.86,0.36,0.57,2026-04-09,448,N20,VIIRS,n,2,298.67,27.27,D,0
-34.99299,147.13817,350.41,0.36,0.57,2026-04-09,448,N20,VIIRS,n,2,299.89,25.04,D,0
-34.99202,147.14204,351.94,0.36,0.57,2026-04-09,448,N20,VIIRS,n,2,308.43,25.04,D,0
-34.73668,146.89467,352.67,0.35,0.57,2026-04-09,448,N20,VIIRS,n,2,302.05,7.66,D,0
-34.7357,146.89848,352.19,0.35,0.57,2026-04-09,448,N20,VIIRS,n,2,299.78,7.98,D,0
-34.64951,148.35374,352.3,0.43,0.62,2026-04-09,448,N20,VIIRS,n,2,295.87,8,D,0
-34.62083,148.53085,344.11,0.44,0.62,2026-04-09,448,N20,VIIRS,n,2,295.79,7.15,D,0
-34.61586,148.52806,352.04,0.44,0.62,2026-04-09,448,N20,VIIRS,n,2,299.75,13.83,D,0
-34.61532,148.52846,355.57,0.44,0.62,2026-04-09,448,N20,VIIRS,n,2,299.33,25.66,D,0
-34.61459,148.5327,367,0.44,0.62,2026-04-09,448,N20,VIIRS,h,2,294.82,13.83,D,0
-34.61402,147.22871,353.49,0.37,0.58,2026-04-09,448,N20,VIIRS,n,2,291.22,11.56,D,0
-34.61297,147.2328,367,0.37,0.58,2026-04-09,448,N20,VIIRS,h,2,296.08,11.56,D,0
-34.61193,147.23689,330.68,0.37,0.58,2026-04-09,448,N20,VIIRS,n,2,296.01,6.13,D,0
-34.60773,147.23088,340.31,0.37,0.58,2026-04-09,448,N20,VIIRS,n,2,294.52,3.79,D,0
-34.56391,148.46777,346.16,0.43,0.62,2026-04-09,448,N20,VIIRS,n,2,295.28,7.94,D,0
-34.54532,148.442,337.27,0.43,0.62,2026-04-09,448,N20,VIIRS,n,2,293.9,2.62,D,0
-34.53999,148.44255,343.96,0.43,0.62,2026-04-09,448,N20,VIIRS,n,2,294.36,5.49,D,0
-34.53977,148.4398,336.47,0.43,0.62,2026-04-09,448,N20,VIIRS,n,2,294.24,3.84,D,0
-34.5379,147.32361,207.93,0.38,0.59,2026-04-09,448,N20,VIIRS,l,2,317.22,85.59,D,0
-34.53687,147.32762,351.01,0.38,0.59,2026-04-09,448,N20,VIIRS,n,2,311.33,85.59,D,0
-34.53584,147.33157,339.05,0.38,0.59,2026-04-09,448,N20,VIIRS,n,2,293.67,30.11,D,0
-34.52642,147.4128,340.03,0.38,0.59,2026-04-09,448,N20,VIIRS,n,2,291.96,6.56,D,0
-34.52221,147.40666,347.43,0.38,0.59,2026-04-09,448,N20,VIIRS,n,2,295.18,6.56,D,0
-34.52115,147.41075,367,0.38,0.59,2026-04-09,448,N20,VIIRS,h,2,294.5,6.56,D,0
-34.5105,147.40703,333.42,0.38,0.59,2026-04-09,448,N20,VIIRS,n,2,291.56,7.36,D,0
-34.49023,148.39554,332.93,0.43,0.62,2026-04-09,448,N20,VIIRS,n,2,295.12,4.64,D,0
-34.31478,147.95839,332.48,0.41,0.61,2026-04-09,448,N20,VIIRS,n,2,296.09,4.24,D,0
-34.29353,147.90213,329.56,0.41,0.61,2026-04-09,448,N20,VIIRS,n,2,293.72,4.74,D,0
-34.25708,148.20116,356.33,0.43,0.62,2026-04-09,448,N20,VIIRS,l,2,291.92,7.08,D,0
-34.25585,148.2058,339.66,0.43,0.62,2026-04-09,448,N20,VIIRS,n,2,287.61,7.08,D,0
-34.25164,148.20372,338.09,0.43,0.62,2026-04-09,448,N20,VIIRS,n,2,292.93,6.81,D,0
-34.23203,146.82645,340.72,0.36,0.58,2026-04-09,448,N20,VIIRS,n,2,304.95,36.1,D,0
-34.23103,146.83035,351.73,0.36,0.58,2026-04-09,448,N20,VIIRS,n,2,305.44,119.62,D,0
-34.22906,146.8381,367,0.36,0.58,2026-04-09,448,N20,VIIRS,h,2,299.44,42.97,D,0
-34.18702,148.25775,344.48,0.43,0.62,2026-04-09,448,N20,VIIRS,n,2,295.46,6.37,D,0
-34.09945,148.28352,336.84,0.44,0.62,2026-04-09,448,N20,VIIRS,n,2,294.58,2.06,D,0
-34.09226,147.30447,352.1,0.39,0.59,2026-04-09,448,N20,VIIRS,n,2,299.13,14.57,D,0
-34.09118,147.30865,356.04,0.39,0.59,2026-04-09,448,N20,VIIRS,l,2,296.66,14.57,D,0
-34.09097,148.10878,349.45,0.43,0.62,2026-04-09,448,N20,VIIRS,n,2,297.82,8.77,D,0
-34.08976,148.11331,336.03,0.43,0.62,2026-04-09,448,N20,VIIRS,n,2,291.9,6.87,D,0
-34.08585,147.30672,332.35,0.39,0.59,2026-04-09,448,N20,VIIRS,n,2,299.19,7.01,D,0
-34.08476,147.3109,343.49,0.39,0.59,2026-04-09,448,N20,VIIRS,n,2,294.52,4.27,D,0
-34.02533,147.56143,347.98,0.4,0.6,2026-04-09,448,N20,VIIRS,n,2,297.93,5.83,D,0
-34.01396,146.74359,367,0.36,0.58,2026-04-09,448,N20,VIIRS,h,2,303.13,5.36,D,0
-34.01297,146.7475,337.81,0.36,0.58,2026-04-09,448,N20,VIIRS,n,2,299.1,5.36,D,0
-33.99879,148.26743,367,0.44,0.62,2026-04-09,448,N20,VIIRS,h,2,298.33,14.56,D,0
-33.99278,147.66278,367,0.41,0.6,2026-04-09,448,N20,VIIRS,h,2,300.97,13.51,D,0
-33.94807,147.63701,352.06,0.41,0.6,2026-04-09,448,N20,VIIRS,n,2,303.81,17.04,D,0
-33.94694,147.64136,353.84,0.41,0.6,2026-04-09,448,N20,VIIRS,n,2,299.14,14.18,D,0
-33.94542,148.73973,327.26,0.47,0.64,2026-04-09,448,N20,VIIRS,n,2,296.32,5.17,D,0
-33.94168,150.86925,337.9,0.6,0.71,2026-04-09,448,N20,VIIRS,n,2,291.85,4.12,D,0
-33.92743,147.7395,352.38,0.41,0.61,2026-04-09,448,N20,VIIRS,n,2,299.32,7.38,D,0
-33.92196,147.73749,367,0.41,0.61,2026-04-09,448,N20,VIIRS,h,2,301.04,15.4,D,0
-33.91667,146.57877,332.38,0.36,0.57,2026-04-09,448,N20,VIIRS,n,2,296.01,7.49,D,0
-33.90543,146.57875,333.78,0.36,0.57,2026-04-09,448,N20,VIIRS,n,2,292.49,2.14,D,0
-33.83912,150.48181,326.99,0.58,0.7,2026-04-09,448,N20,VIIRS,n,2,290.46,4.31,D,0
-33.79297,148.08948,367,0.43,0.62,2026-04-09,448,N20,VIIRS,h,2,300.43,9.68,D,0
-33.79175,148.09406,344.36,0.43,0.62,2026-04-09,448,N20,VIIRS,n,2,293.2,7.6,D,0
-33.79031,147.36511,349.28,0.4,0.6,2026-04-09,448,N20,VIIRS,n,2,299.95,9.09,D,0
-33.78922,147.36932,339.77,0.4,0.6,2026-04-09,448,N20,VIIRS,n,2,296.86,6.18,D,0
-33.78738,148.08743,344.77,0.43,0.62,2026-04-09,448,N20,VIIRS,n,2,296.47,9.68,D,0
-33.78616,148.09203,333.67,0.43,0.62,2026-04-09,448,N20,VIIRS,n,2,296.58,7.6,D,0
-33.786,147.35898,353.62,0.4,0.6,2026-04-09,448,N20,VIIRS,n,2,299.77,8.6,D,0
-33.78491,147.3632,367,0.4,0.6,2026-04-09,448,N20,VIIRS,h,2,302.47,8.6,D,0
-33.78062,147.35699,343.31,0.4,0.6,2026-04-09,448,N20,VIIRS,n,2,299.61,8.6,D,0
-33.77953,147.36125,332.4,0.4,0.6,2026-04-09,448,N20,VIIRS,n,2,298.43,8.6,D,0
-33.75705,148.27049,337.31,0.44,0.63,2026-04-09,448,N20,VIIRS,n,2,299.5,7.39,D,0
-33.75578,148.27527,340,0.45,0.63,2026-04-09,448,N20,VIIRS,n,2,299.12,8.28,D,0
-33.69189,148.85255,339.91,0.48,0.65,2026-04-09,448,N20,VIIRS,n,2,294.62,5.97,D,0
-33.67281,148.60751,346.53,0.47,0.64,2026-04-09,448,N20,VIIRS,n,2,300.61,22.58,D,0
-33.6715,148.61237,367,0.47,0.64,2026-04-09,448,N20,VIIRS,h,2,298.56,22.58,D,0
-33.66938,148.06633,345.49,0.44,0.62,2026-04-09,448,N20,VIIRS,n,2,299.61,22.23,D,0
-33.66812,148.07106,367,0.44,0.62,2026-04-09,448,N20,VIIRS,h,2,300.46,23.79,D,0
-33.66685,148.07579,367,0.44,0.62,2026-04-09,448,N20,VIIRS,h,2,298.95,23.79,D,0
-33.6656,148.08047,345.31,0.44,0.62,2026-04-09,448,N20,VIIRS,n,2,297.76,11.07,D,0
-33.6638,148.06424,207.93,0.44,0.62,2026-04-09,448,N20,VIIRS,l,2,313.25,144.69,D,0
-33.66253,148.06897,367,0.44,0.62,2026-04-09,448,N20,VIIRS,l,2,331.76,264.99,D,0
-33.66127,148.0737,367,0.44,0.62,2026-04-09,448,N20,VIIRS,l,2,331.96,264.99,D,0
-33.66,148.07841,310.17,0.44,0.62,2026-04-09,448,N20,VIIRS,l,2,318.31,146.22,D,0
-33.65875,148.0831,367,0.44,0.62,2026-04-09,448,N20,VIIRS,h,2,298.82,146.22,D,0
-33.6269,146.60803,342.07,0.36,0.58,2026-04-09,448,N20,VIIRS,n,2,302.21,4.62,D,0
-33.62427,147.28474,355.22,0.4,0.6,2026-04-09,448,N20,VIIRS,n,2,303.67,12.42,D,0
-33.62288,147.28667,367,0.4,0.6,2026-04-09,448,N20,VIIRS,h,2,302.49,15.47,D,0
-33.54827,148.49289,356.08,0.46,0.64,2026-04-09,448,N20,VIIRS,n,2,296.44,10.8,D,0
-33.54689,148.49796,338.18,0.46,0.64,2026-04-09,448,N20,VIIRS,n,2,293.38,7.44,D,0
-33.52173,147.02237,333.32,0.39,0.59,2026-04-09,448,N20,VIIRS,n,2,297.27,2.67,D,0
-33.51479,147.34323,332.87,0.4,0.6,2026-04-09,448,N20,VIIRS,n,2,283.49,3.64,D,0
-33.50935,147.34134,330.44,0.4,0.6,2026-04-09,448,N20,VIIRS,n,2,294.02,4.53,D,0
-33.50823,147.34564,335.94,0.4,0.6,2026-04-09,448,N20,VIIRS,n,2,290.48,4.53,D,0
-33.50809,147.32826,367,0.4,0.6,2026-04-09,448,N20,VIIRS,h,2,294.46,10.43,D,0
-33.50734,147.32639,354.78,0.4,0.6,2026-04-09,448,N20,VIIRS,n,2,293.66,21.42,D,0
-33.5071,147.34996,340,0.4,0.6,2026-04-09,448,N20,VIIRS,n,2,286.8,11.81,D,0
-33.50698,147.33261,334.04,0.4,0.6,2026-04-09,448,N20,VIIRS,n,2,295.06,6.73,D,0
-33.50619,147.33078,355.62,0.4,0.6,2026-04-09,448,N20,VIIRS,n,2,294.72,19.52,D,0
-33.50477,147.34129,332.72,0.4,0.6,2026-04-09,448,N20,VIIRS,n,2,294.56,4.46,D,0
-33.50367,147.34561,333.83,0.4,0.6,2026-04-09,448,N20,VIIRS,n,2,285.43,4.46,D,0
-33.5028,147.34373,335.03,0.4,0.6,2026-04-09,448,N20,VIIRS,n,2,288.69,4.53,D,0
-33.50268,147.32631,336.48,0.4,0.6,2026-04-09,448,N20,VIIRS,n,2,286.25,10.43,D,0
-33.50156,147.33067,343.74,0.4,0.6,2026-04-09,448,N20,VIIRS,n,2,295.19,6.73,D,0
-33.50078,147.32884,341.87,0.4,0.6,2026-04-09,448,N20,VIIRS,n,2,294.88,45.2,D,0
-33.50046,147.33502,332.02,0.4,0.6,2026-04-09,448,N20,VIIRS,n,2,295.68,6.73,D,0
-33.49964,147.33318,367,0.4,0.6,2026-04-09,448,N20,VIIRS,h,2,296.7,45.2,D,0
-33.49936,147.33934,331.87,0.4,0.6,2026-04-09,448,N20,VIIRS,n,2,293.87,4.46,D,0
-33.49851,147.33749,335.81,0.4,0.6,2026-04-09,448,N20,VIIRS,n,2,294.78,15.22,D,0
-33.49826,147.34366,343.84,0.4,0.6,2026-04-09,448,N20,VIIRS,n,2,284.53,4.46,D,0
-33.49738,147.3418,337.47,0.4,0.6,2026-04-09,448,N20,VIIRS,n,2,287.97,15.22,D,0
-33.49726,147.32439,331.03,0.4,0.6,2026-04-09,448,N20,VIIRS,n,2,295.14,40.96,D,0
-33.4965,147.32257,330.4,0.4,0.6,2026-04-09,448,N20,VIIRS,n,2,293.68,9.74,D,0
-33.49615,147.32872,207.93,0.4,0.6,2026-04-09,448,N20,VIIRS,l,2,323.22,49.19,D,0
-33.49537,147.3269,207.93,0.4,0.6,2026-04-09,448,N20,VIIRS,l,2,306.65,45.2,D,0
-33.49505,147.33304,367,0.4,0.6,2026-04-09,448,N20,VIIRS,h,2,296.27,49.19,D,0
-33.49423,147.33121,367,0.4,0.6,2026-04-09,448,N20,VIIRS,h,2,305.2,45.2,D,0
-33.49395,147.33736,339.62,0.4,0.6,2026-04-09,448,N20,VIIRS,n,2,286.33,19.66,D,0
-33.4931,147.33553,341.3,0.4,0.6,2026-04-09,448,N20,VIIRS,n,2,288.7,15.22,D,0
-33.49076,147.32669,356.14,0.4,0.6,2026-04-09,448,N20,VIIRS,n,2,295.79,49.19,D,0
-33.48996,147.32491,337.49,0.4,0.6,2026-04-09,448,N20,VIIRS,n,2,292.7,9.94,D,0
-33.48966,147.33101,367,0.4,0.6,2026-04-09,448,N20,VIIRS,h,2,294.71,49.19,D,0
-33.48885,147.32918,367,0.4,0.6,2026-04-09,448,N20,VIIRS,h,2,296.49,9.94,D,0
-33.48771,147.3335,340.17,0.4,0.6,2026-04-09,448,N20,VIIRS,n,2,286.2,9.05,D,0
-33.41583,148.1824,334.5,0.45,0.63,2026-04-09,448,N20,VIIRS,n,2,299.75,4.55,D,0
-33.24272,146.72108,335.89,0.38,0.59,2026-04-09,448,N20,VIIRS,n,2,301.29,3.99,D,0
-33.23641,146.72325,367,0.38,0.59,2026-04-09,448,N20,VIIRS,h,2,303.42,12.66,D,0
-33.17605,148.47098,344.13,0.47,0.64,2026-04-09,448,N20,VIIRS,n,2,295.33,7.42,D,0
-33.17346,148.46788,367,0.47,0.64,2026-04-09,448,N20,VIIRS,h,2,298.52,11.05,D,0
-32.95966,146.24193,354.04,0.36,0.57,2026-04-09,448,N20,VIIRS,n,2,301.8,8.47,D,0
-32.95872,146.24568,367,0.36,0.57,2026-04-09,448,N20,VIIRS,h,2,305.75,8.47,D,0
-32.95164,146.25151,342.41,0.36,0.57,2026-04-09,448,N20,VIIRS,n,2,300.62,10.05,D,0
-32.9474,146.24594,341.65,0.36,0.57,2026-04-09,448,N20,VIIRS,n,2,304.56,6.71,D,0
-32.9452,146.34564,335.33,0.37,0.58,2026-04-09,448,N20,VIIRS,n,2,303.02,2.82,D,0
-32.93279,146.03752,354.85,0.35,0.57,2026-04-09,448,N20,VIIRS,n,2,305.87,14.64,D,0
-32.9323,146.03729,355.67,0.35,0.57,2026-04-09,448,N20,VIIRS,n,2,306.08,14.6,D,0
-32.93188,146.04124,367,0.35,0.57,2026-04-09,448,N20,VIIRS,h,2,305.39,14.64,D,0
-32.93137,146.04102,367,0.35,0.57,2026-04-09,448,N20,VIIRS,h,2,306.24,14.6,D,0
-32.93097,146.04498,340.47,0.35,0.57,2026-04-09,448,N20,VIIRS,n,2,302.11,7.52,D,0
-32.93043,146.04475,346.01,0.35,0.57,2026-04-09,448,N20,VIIRS,n,2,302.43,9.13,D,0
-32.92435,146.02655,367,0.35,0.57,2026-04-09,448,N20,VIIRS,h,2,307.4,5.36,D,0
-32.92344,146.03027,367,0.35,0.57,2026-04-09,448,N20,VIIRS,h,2,304.2,5.36,D,0
-32.91921,146.02478,336.84,0.35,0.57,2026-04-09,448,N20,VIIRS,n,2,303.45,5.36,D,0
-32.76774,146.33936,335.78,0.37,0.58,2026-04-09,448,N20,VIIRS,n,2,298.62,6.29,D,0
-32.7278,146.5876,356.31,0.38,0.59,2026-04-09,448,N20,VIIRS,l,2,283.63,25.55,D,0
-32.7225,146.58574,345.3,0.38,0.59,2026-04-09,448,N20,VIIRS,n,2,304.36,25.55,D,0
-32.72146,146.58981,367,0.38,0.59,2026-04-09,448,N20,VIIRS,h,2,293.82,25.55,D,0
-32.63476,148.4149,367,0.48,0.65,2026-04-09,448,N20,VIIRS,h,2,297.95,13.42,D,0
-32.63391,148.41037,350.46,0.48,0.65,2026-04-09,448,N20,VIIRS,n,2,300.21,7.75,D,0
-32.63257,148.41541,347.46,0.48,0.65,2026-04-09,448,N20,VIIRS,n,2,297.16,7.75,D,0
-32.09438,146.96828,367,0.42,0.61,2026-04-09,448,N20,VIIRS,h,2,298.06,62.4,D,0
-32.08997,146.96213,335.96,0.41,0.61,2026-04-09,448,N20,VIIRS,n,2,303.75,45.84,D,0
-32.08885,146.96649,356.49,0.42,0.61,2026-04-09,448,N20,VIIRS,l,2,289.09,29.76,D,0
-31.79092,148.86914,340.31,0.54,0.68,2026-04-09,448,N20,VIIRS,n,2,295.16,38.54,D,0
-31.78938,148.87471,352.06,0.54,0.68,2026-04-09,448,N20,VIIRS,n,2,301.74,38.54,D,0
-31.78785,148.88025,367,0.54,0.68,2026-04-09,448,N20,VIIRS,h,2,300.54,107.63,D,0
-31.78639,148.86134,335.83,0.54,0.68,2026-04-09,448,N20,VIIRS,n,2,298.78,20.46,D,0
-31.78486,148.86685,350.35,0.54,0.68,2026-04-09,448,N20,VIIRS,n,2,306.78,38.54,D,0
-31.78335,148.89658,367,0.54,0.68,2026-04-09,448,N20,VIIRS,l,2,338.07,806.2,D,0
-31.78334,148.87236,367,0.54,0.68,2026-04-09,448,N20,VIIRS,h,2,305.17,38.54,D,0
-31.78182,148.87787,354.17,0.54,0.68,2026-04-09,448,N20,VIIRS,n,2,300.81,107.63,D,0
-31.7818,148.90219,367,0.54,0.68,2026-04-09,448,N20,VIIRS,h,2,299.39,157.01,D,0
-31.78022,148.85944,333.42,0.54,0.68,2026-04-09,448,N20,VIIRS,n,2,298.6,7.15,D,0
-31.77575,148.89981,354.93,0.54,0.68,2026-04-09,448,N20,VIIRS,n,2,298.83,157.01,D,0
-31.78818,145.6539,354.46,0.36,0.57,2026-04-09,449,N20,VIIRS,n,2,305.78,7.24,D,0
-31.78727,145.65761,351.57,0.36,0.57,2026-04-09,449,N20,VIIRS,n,2,303.41,6.58,D,0
-31.48486,146.68436,331.75,0.41,0.61,2026-04-09,449,N20,VIIRS,n,2,299.72,4.2,D,0
-30.70707,147.76628,337.26,0.5,0.66,2026-04-09,449,N20,VIIRS,n,2,301,4.03,D,0
-30.70434,147.75655,367,0.5,0.65,2026-04-09,449,N20,VIIRS,h,2,303.86,24.69,D,0
-30.70385,147.75398,355.29,0.5,0.65,2026-04-09,449,N20,VIIRS,n,2,302.76,16.39,D,0
-30.70296,147.76167,351.32,0.5,0.65,2026-04-09,449,N20,VIIRS,n,2,303.39,20.62,D,0
-30.70251,147.75911,347.74,0.5,0.66,2026-04-09,449,N20,VIIRS,n,2,301.57,16.39,D,0
-30.70158,147.76678,367,0.5,0.66,2026-04-09,449,N20,VIIRS,h,2,301.27,20.62,D,0
-30.70115,147.76425,367,0.5,0.66,2026-04-09,449,N20,VIIRS,h,2,304.06,27.79,D,0
-30.05746,148.00967,367,0.53,0.67,2026-04-09,449,N20,VIIRS,h,2,304.2,20.44,D,0
-29.84733,149.1608,335.88,0.62,0.72,2026-04-09,449,N20,VIIRS,n,2,300.34,3.63,D,0
-29.72301,148.35616,336.74,0.57,0.69,2026-04-09,449,N20,VIIRS,n,2,302.19,5.35,D,0
-29.71522,148.3598,340.71,0.57,0.69,2026-04-09,449,N20,VIIRS,n,2,302.08,4.09,D,0
-29.40565,148.45595,336.25,0.58,0.7,2026-04-09,449,N20,VIIRS,n,2,301.41,6.03,D,0
-29.40403,148.46194,355.61,0.58,0.7,2026-04-09,449,N20,VIIRS,n,2,301.82,6.03,D,0
-29.40402,148.46344,352.53,0.58,0.7,2026-04-09,449,N20,VIIRS,n,2,301.06,7.85,D,0
-29.39935,148.45381,367,0.58,0.7,2026-04-09,449,N20,VIIRS,h,2,302.96,32.9,D,0
-29.39774,148.45976,354.99,0.58,0.7,2026-04-09,449,N20,VIIRS,n,2,305.02,32.9,D,0
-29.39612,148.46571,367,0.58,0.7,2026-04-09,449,N20,VIIRS,h,2,305.37,19.51,D,0
-29.3945,148.47173,344.23,0.59,0.7,2026-04-09,449,N20,VIIRS,n,2,300.71,19.51,D,0
-29.38982,148.46356,367,0.58,0.7,2026-04-09,449,N20,VIIRS,h,2,303.22,19.51,D,0
-29.3882,148.46956,351.02,0.59,0.7,2026-04-09,449,N20,VIIRS,n,2,301.33,19.51,D,0
-29.17799,150.22153,338.5,0.74,0.76,2026-04-09,449,N20,VIIRS,n,2,301.62,12.77,D,0
-29.17586,150.2289,350.01,0.74,0.76,2026-04-09,449,N20,VIIRS,n,2,301.34,12.04,D,0
-29.1738,150.22072,355.25,0.74,0.76,2026-04-09,449,N20,VIIRS,n,2,304.35,17.35,D,0
-29.1717,150.22809,348.2,0.74,0.76,2026-04-09,449,N20,VIIRS,n,2,301.01,17.35,D,0
-29.17112,150.21907,349.34,0.74,0.76,2026-04-09,449,N20,VIIRS,n,2,303.01,12.77,D,0
-29.16899,150.22644,336.76,0.74,0.76,2026-04-09,449,N20,VIIRS,n,2,300.74,12.04,D,0
-28.88002,148.63797,333.12,0.62,0.71,2026-04-09,449,N20,VIIRS,n,2,302.61,5.15,D,0
-28.78465,148.50685,345.64,0.61,0.71,2026-04-09,449,N20,VIIRS,n,2,302.58,7.98,D,0
-28.77834,148.6069,355.35,0.62,0.71,2026-04-09,449,N20,VIIRS,n,2,305.86,24.5,D,0
-28.77661,148.61319,352.17,0.62,0.71,2026-04-09,449,N20,VIIRS,n,2,301.11,24.5,D,0
-28.54273,150.04727,336.98,0.75,0.77,2026-04-09,449,N20,VIIRS,n,2,303.47,9.03,D,0
-28.53797,150.0504,335.68,0.75,0.77,2026-04-09,449,N20,VIIRS,n,2,302.78,14.09,D,0
-30.77723,152.28539,301.38,0.5,0.49,2026-04-09,1425,N20,VIIRS,n,2,289.11,0.65,N,0
-30.13003,152.38698,305.41,0.51,0.49,2026-04-09,1425,N20,VIIRS,n,2,286.6,1.8,N,0
-30.12902,152.38326,305.44,0.51,0.49,2026-04-09,1425,N20,VIIRS,n,2,286.74,1.61,N,0
-29.91863,151.91998,301.16,0.55,0.51,2026-04-09,1425,N20,VIIRS,n,2,283.84,1.51,N,0
-29.91712,151.92091,295.7,0.55,0.51,2026-04-09,1425,N20,VIIRS,n,2,283.92,0.91,N,0
-29.9159,151.91545,296.07,0.55,0.51,2026-04-09,1425,N20,VIIRS,n,2,284.61,1.08,N,0
-29.84477,149.1543,301.5,0.4,0.6,2026-04-09,1425,N20,VIIRS,n,2,288.35,0.79,N,0
-29.72659,152.53209,299.66,0.51,0.49,2026-04-09,1425,N20,VIIRS,n,2,289.51,0.46,N,0
-29.7163,148.35759,299.17,0.44,0.62,2026-04-09,1425,N20,VIIRS,n,2,288.07,1.99,N,0
-29.71565,148.35655,307.01,0.44,0.63,2026-04-09,1425,N20,VIIRS,n,2,288.69,2.42,N,0
-29.71513,148.35307,331.57,0.44,0.63,2026-04-09,1425,N20,VIIRS,n,2,289.13,4.23,N,0
-29.7145,148.35202,328.84,0.44,0.63,2026-04-09,1425,N20,VIIRS,n,2,288.92,3.47,N,0
-29.66307,149.98083,298.72,0.36,0.57,2026-04-09,1425,N20,VIIRS,n,2,288.08,0.58,N,0
-29.64091,148.32796,301.37,0.45,0.63,2026-04-09,1425,N20,VIIRS,n,2,289.47,0.68,N,0
-29.39767,148.45578,314.26,0.44,0.63,2026-04-09,1425,N20,VIIRS,n,2,289.99,3.21,N,0
-29.39652,148.45126,323.05,0.44,0.63,2026-04-09,1425,N20,VIIRS,n,2,289.46,2.89,N,0
-29.39318,148.46228,312.01,0.44,0.63,2026-04-09,1425,N20,VIIRS,n,2,290.39,1.2,N,0
-29.39203,148.45773,305.24,0.44,0.63,2026-04-09,1425,N20,VIIRS,n,2,289.48,1.2,N,0
-29.38754,148.46417,306.1,0.44,0.63,2026-04-09,1425,N20,VIIRS,n,2,289.87,1.2,N,0
-29.16219,150.21289,305.69,0.36,0.57,2026-04-09,1425,N20,VIIRS,n,2,289.95,0.65,N,0
-28.89599,148.65294,298.97,0.44,0.63,2026-04-09,1425,N20,VIIRS,n,2,288.66,0.91,N,0
-28.88013,148.63861,300.83,0.45,0.63,2026-04-09,1425,N20,VIIRS,n,2,289.11,0.75,N,0
-28.86468,147.7173,307.94,0.5,0.66,2026-04-09,1425,N20,VIIRS,n,2,288.87,1.78,N,0
-28.86334,147.71217,313.25,0.5,0.66,2026-04-09,1425,N20,VIIRS,n,2,288.9,2.3,N,0
-28.80459,149.64319,299.99,0.39,0.59,2026-04-09,1425,N20,VIIRS,n,2,288.9,0.54,N,0
-28.79922,149.64493,300.65,0.39,0.59,2026-04-09,1425,N20,VIIRS,n,2,288.3,0.54,N,0
-28.79435,152.57787,301.93,0.53,0.5,2026-04-09,1425,N20,VIIRS,n,2,287.97,0.47,N,0
-28.78536,148.50336,300.88,0.46,0.63,2026-04-09,1425,N20,VIIRS,n,2,288.9,0.82,N,0
-28.78459,148.60144,298.66,0.45,0.63,2026-04-09,1425,N20,VIIRS,n,2,288.35,0.71,N,0
-28.78342,148.59689,303.26,0.45,0.63,2026-04-09,1425,N20,VIIRS,n,2,289.77,1.58,N,0
-28.78341,148.59402,312.38,0.45,0.63,2026-04-09,1425,N20,VIIRS,n,2,289.75,1.55,N,0
-28.78226,148.58945,306.45,0.45,0.63,2026-04-09,1425,N20,VIIRS,n,2,288.96,1.55,N,0
-28.78224,148.59232,310.05,0.45,0.63,2026-04-09,1425,N20,VIIRS,n,2,289.45,1.58,N,0
-28.78111,148.58487,306.01,0.45,0.63,2026-04-09,1425,N20,VIIRS,n,2,287.47,1.39,N,0
-28.78106,148.58775,315.11,0.45,0.63,2026-04-09,1425,N20,VIIRS,n,2,288.99,2.32,N,0
-28.78003,148.60507,302.45,0.45,0.63,2026-04-09,1425,N20,VIIRS,n,2,289.84,1.9,N,0
-28.77889,148.60051,327.15,0.45,0.63,2026-04-09,1425,N20,VIIRS,n,2,290.75,1.9,N,0
-28.77773,148.59595,309.08,0.45,0.63,2026-04-09,1425,N20,VIIRS,n,2,288.25,2.17,N,0
-28.77435,148.60695,304.35,0.45,0.63,2026-04-09,1425,N20,VIIRS,n,2,289.25,1.9,N,0
-28.6924,153.33012,315.79,0.48,0.48,2026-04-09,1425,N20,VIIRS,n,2,289.28,2.05,N,0
-28.68996,153.33345,309.36,0.48,0.48,2026-04-09,1425,N20,VIIRS,n,2,289.57,1,N,0
-28.68895,153.32864,302.06,0.48,0.48,2026-04-09,1425,N20,VIIRS,n,2,289.1,1,N,0
-28.3917,147.79404,299.86,0.51,0.66,2026-04-09,1425,N20,VIIRS,n,2,288.86,0.6,N,0
-28.39163,147.79236,299.6,0.51,0.66,2026-04-09,1425,N20,VIIRS,n,2,288.14,0.87,N,0
-28.29858,149.851,315.71,0.39,0.59,2026-04-09,1425,N20,VIIRS,n,2,288.67,1.19,N,0
-28.29418,149.85669,306.99,0.39,0.59,2026-04-09,1425,N20,VIIRS,n,2,289.58,1.31,N,0
-28.29321,149.85272,308.75,0.39,0.59,2026-04-09,1425,N20,VIIRS,n,2,288.9,1.19,N,0
-28.16548,146.50597,315.59,0.61,0.71,2026-04-09,1425,N20,VIIRS,n,2,291.15,2.21,N,0
-28.16335,146.50447,327.14,0.61,0.71,2026-04-09,1425,N20,VIIRS,n,2,291.6,4.34,N,0
-28.1591,146.50829,322.77,0.61,0.71,2026-04-09,1425,N20,VIIRS,n,2,291.35,2.21,N,0
-34.04773,150.97336,299.79,0.5,0.49,2026-04-09,1426,N20,VIIRS,n,2,286.67,0.55,N,0
-33.76438,150.85124,309.32,0.52,0.5,2026-04-09,1426,N20,VIIRS,n,2,289.83,1.28,N,2
-33.76426,150.84657,301.43,0.52,0.5,2026-04-09,1426,N20,VIIRS,n,2,288.9,1.54,N,2
-32.62786,148.41653,299.82,0.37,0.58,2026-04-09,1426,N20,VIIRS,n,2,283.39,0.42,N,0
-32.47104,151.07205,297.62,0.54,0.51,2026-04-09,1426,N20,VIIRS,n,2,283.45,0.82,N,0
-32.46671,148.42064,309.3,0.38,0.59,2026-04-09,1426,N20,VIIRS,n,2,287.33,2.92,N,0
-32.46569,148.4166,330.95,0.38,0.59,2026-04-09,1426,N20,VIIRS,n,2,288.73,2.17,N,0
-32.46467,148.41255,314.31,0.38,0.59,2026-04-09,1426,N20,VIIRS,n,2,287.92,2.17,N,0
-32.46042,148.41847,324.47,0.38,0.59,2026-04-09,1426,N20,VIIRS,n,2,289.17,2.17,N,0
-32.45939,148.41438,311.16,0.38,0.59,2026-04-09,1426,N20,VIIRS,n,2,288.11,2.17,N,0
-32.45835,148.41031,303.37,0.38,0.59,2026-04-09,1426,N20,VIIRS,n,2,288.28,1.79,N,0
-32.28028,149.20537,311.84,0.34,0.56,2026-04-09,1426,N20,VIIRS,n,2,288.49,1.74,N,0
-32.24625,148.12794,302.58,0.4,0.6,2026-04-09,1426,N20,VIIRS,n,2,287.49,0.83,N,0
-32.2052,152.21173,302.32,0.47,0.48,2026-04-09,1426,N20,VIIRS,n,2,289,0.56,N,0
-31.97323,151.58847,301.46,0.52,0.5,2026-04-09,1426,N20,VIIRS,n,2,286.46,0.67,N,0
-31.96866,151.58955,296.17,0.52,0.5,2026-04-09,1426,N20,VIIRS,n,2,285.95,0.55,N,0
-31.54819,152.0439,298.82,0.5,0.49,2026-04-09,1426,N20,VIIRS,n,2,288.3,0.63,N,0
-31.22085,152.01668,300.18,0.51,0.49,2026-04-09,1426,N20,VIIRS,n,2,284.79,2.16,N,0
-31.21967,152.01137,315.25,0.51,0.49,2026-04-09,1426,N20,VIIRS,n,2,284.61,2.58,N,0
-31.1742,146.90785,311.25,0.49,0.65,2026-04-09,1426,N20,VIIRS,n,2,288.33,1.4,N,0
-31.17285,146.9028,312.66,0.49,0.65,2026-04-09,1426,N20,VIIRS,n,2,288.06,1.4,N,0
-31.16837,146.91008,303.43,0.49,0.65,2026-04-09,1426,N20,VIIRS,n,2,288.15,1.4,N,0
-30.82703,149.93356,297.77,0.34,0.56,2026-04-09,1426,N20,VIIRS,n,2,286.7,0.5,N,0
-30.69832,147.75906,305.02,0.45,0.63,2026-04-09,1426,N20,VIIRS,n,2,285.54,2.65,N,0
-30.69798,147.76089,310.22,0.45,0.63,2026-04-09,1426,N20,VIIRS,n,2,283.74,2.73,N,0
-30.66416,147.72685,307.37,0.46,0.63,2026-04-09,1426,N20,VIIRS,n,2,289.19,1.18,N,0
-30.66354,147.72023,304.38,0.46,0.63,2026-04-09,1426,N20,VIIRS,n,2,288.92,1.9,N,0
-30.66291,147.72217,312.05,0.46,0.63,2026-04-09,1426,N20,VIIRS,n,2,289.35,1.18,N,0
-30.66028,147.73166,313.44,0.46,0.63,2026-04-09,1426,N20,VIIRS,n,2,289.19,2.55,N,0
-30.65972,147.73357,306.82,0.46,0.63,2026-04-09,1426,N20,VIIRS,n,2,289.07,2.18,N,0
-30.65907,147.72696,320.45,0.46,0.63,2026-04-09,1426,N20,VIIRS,n,2,289.11,1.9,N,0
-30.65847,147.72885,318.64,0.46,0.63,2026-04-09,1426,N20,VIIRS,n,2,289.75,1.18,N,0
-30.65722,147.72415,300.14,0.46,0.63,2026-04-09,1426,N20,VIIRS,n,2,287.59,1.18,N,0
-30.05586,148.00722,310.06,0.45,0.63,2026-04-09,1426,N20,VIIRS,n,2,288.15,1.6,N,0
-34.46714,150.89301,307.33,0.5,0.49,2026-04-09,1427,N20,VIIRS,n,2,291.62,1.15,N,2
-34.46591,150.88768,310.37,0.5,0.49,2026-04-09,1427,N20,VIIRS,n,2,289.59,1.15,N,2
-34.46025,150.88379,337.92,0.5,0.49,2026-04-09,1427,N20,VIIRS,n,2,292.46,4.09,N,2
-34.4546,150.8799,314.91,0.5,0.49,2026-04-09,1427,N20,VIIRS,n,2,291.3,4.09,N,2
-34.28024,148.1554,302.32,0.35,0.57,2026-04-09,1427,N20,VIIRS,n,2,282.84,0.86,N,0
-37.83229,144.78752,327.42,0.43,0.62,2026-04-09,1428,N20,VIIRS,n,2,287.65,2.49,N,2
-37.78326,144.72562,295.38,0.43,0.62,2026-04-09,1428,N20,VIIRS,n,2,284.75,0.28,N,2
-28.29755,149.85435,317.82,0.66,0.73,2026-04-09,1605,N20,VIIRS,n,2,290.17,3.19,N,0
-28.29578,149.85561,314.63,0.66,0.73,2026-04-09,1605,N20,VIIRS,n,2,290.31,3.5,N,0
-28.16665,146.50876,312.2,0.41,0.6,2026-04-09,1605,N20,VIIRS,n,2,291.72,1.95,N,0
-28.16103,146.50931,325.94,0.41,0.6,2026-04-09,1605,N20,VIIRS,n,2,292.45,1.95,N,0
-30.05758,148.0076,305.56,0.52,0.67,2026-04-09,1606,N20,VIIRS,n,2,287.88,0.97,N,0
-30.05603,148.0112,297.4,0.52,0.67,2026-04-09,1606,N20,VIIRS,n,2,287.13,0.71,N,0
-30.05573,148.00569,302.41,0.52,0.67,2026-04-09,1606,N20,VIIRS,n,2,287.44,0.71,N,0
-29.71456,148.35631,315.66,0.55,0.68,2026-04-09,1606,N20,VIIRS,n,2,287.54,1.34,N,0
-29.71423,148.35059,297.25,0.55,0.68,2026-04-09,1606,N20,VIIRS,n,2,287.04,1.34,N,0
-29.40061,148.4568,299.36,0.55,0.68,2026-04-09,1606,N20,VIIRS,n,2,288.29,0.65,N,0
-29.40028,148.45103,299.59,0.55,0.68,2026-04-09,1606,N20,VIIRS,n,2,287.87,0.65,N,0
-29.39458,148.46303,305.62,0.55,0.68,2026-04-09,1606,N20,VIIRS,n,2,288.77,1.61,N,0
-29.39425,148.45729,307.93,0.55,0.68,2026-04-09,1606,N20,VIIRS,n,2,288.66,2.18,N,0
-29.39393,148.45154,308.37,0.55,0.68,2026-04-09,1606,N20,VIIRS,n,2,288.07,2.18,N,0
-29.38823,148.46355,305.39,0.55,0.68,2026-04-09,1606,N20,VIIRS,n,2,288.82,1.61,N,0
-28.86273,147.71588,313.61,0.49,0.65,2026-04-09,1606,N20,VIIRS,n,2,288.71,1.56,N,0
-28.78262,148.6015,312.73,0.56,0.68,2026-04-09,1606,N20,VIIRS,n,2,288.51,1.74,N,0
-28.78228,148.59573,307.05,0.56,0.68,2026-04-09,1606,N20,VIIRS,n,2,288.12,1.74,N,0
-28.78194,148.58997,305.18,0.55,0.68,2026-04-09,1606,N20,VIIRS,n,2,287.98,2.08,N,0
-28.77659,148.60779,304.61,0.56,0.69,2026-04-09,1606,N20,VIIRS,n,2,288.53,1.77,N,0
-28.77625,148.60202,308.7,0.56,0.68,2026-04-09,1606,N20,VIIRS,n,2,287.76,2.54,N,0
-28.1645,146.51079,315.21,0.41,0.6,2026-04-09,1606,N20,VIIRS,n,2,291.96,1.83,N,0
-28.16419,146.50661,316.54,0.41,0.6,2026-04-09,1606,N20,VIIRS,n,2,291.38,1.83,N,0
-34.89625,143.02286,304.03,0.59,0.53,2026-04-09,1607,N20,VIIRS,n,2,279.99,0.69,N,0
-32.71968,146.58246,301.84,0.45,0.63,2026-04-09,1607,N20,VIIRS,n,2,275.38,1.65,N,0
-37.83389,144.78714,308.48,0.4,0.6,2026-04-09,1608,N20,VIIRS,n,2,284.34,1.53,N,2
-37.83251,144.78908,322.82,0.4,0.6,2026-04-09,1608,N20,VIIRS,n,2,285.51,1.7,N,2
-37.8283,144.7876,301.28,0.4,0.6,2026-04-09,1608,N20,VIIRS,n,2,284.02,0.41,N,2
-35.76407,144.64915,299.27,0.37,0.58,2026-04-09,1608,N20,VIIRS,n,2,286.08,0.66,N,0